,Real,Fake
Real,0.9220183486238532,0.0779816513761468
Fake,0.05056179775280899,0.949438202247191
