,Real,Fake
Real,0.8853211009174312,0.11467889908256881
Fake,0.033707865168539325,0.9662921348314607
